,date,totaltest,totalcauses,totaldeaths,totalcritically,totalrecoveries,dailycases,dailysick,dailytest,dailydeaths,dailyrecoveries
0,26.05.2021,53038651.0,5212123,46787.0,1561.0,5057713.0,8738.0,681.0,221214.0,166.0,12205.0
1,25.05.2021,52817437.0,5203385,46621.0,1667.0,5045508.0,9375.0,693.0,223104.0,175.0,11192.0
2,24.05.2021,52594333.0,5194010,46446.0,1745.0,5034316.0,7523.0,702.0,216655.0,178.0,10003.0
3,23.05.2021,52377678.0,5186487,46268.0,1843.0,5024313.0,7839.0,710.0,210291.0,197.0,11202.0
4,22.05.2021,52167387.0,5178648,46071.0,1876.0,5013111.0,8697.0,835.0,216658.0,231.0,14472.0
5,21.05.2021,51950729.0,5169951,45840.0,1977.0,4998639.0,9528.0,846.0,218846.0,214.0,8852.0
6,20.05.2021,51731883.0,5160423,45419.0,2162.0,4980516.0,9385.0,902.0,218683.0,233.0,9271.0
7,19.05.2021,51512691.0,5151038,45419.0,2162.0,4980516.0,11553.0,902.0,218683.0,233.0,9271.0
8,18.05.2021,51294008.0,5139485,45186.0,2232.0,4971245.0,11937.0,916.0,217276.0,203.0,10125.0
9,17.05.2021,51076732.0,5127548,44983.0,2326.0,4961120.0,10174.0,923.0,206836.0,223.0,13864.0
10,16.05.2021,50869896.0,5117374,44760.0,2468.0,4947256.0,10512.0,920.0,202243.0,223.0,14418.0
11,15.05.2021,50667653.0,5106862,44537.0,2563.0,4932838.0,11472.0,1084.0,204637.0,236.0,38814.0
12,14.05.2021,50463016.0,5095390,44301.0,2670.0,4894024.0,11394.0,1102.0,203073.0,242.0,37261.0
13,13.05.2021,50259943.0,5083996,44059.0,2765.0,4856763.0,11534.0,1217.0,201295.0,238.0,55472.0
14,12.05.2021,50058648.0,5072462,43821.0,2827.0,4801291.0,13029.0,1496.0,228192.0,232.0,35167.0
15,11.05.2021,49830456.0,5059433,43589.0,2975.0,4766124.0,14497.0,1582.0,226452.0,278.0,22253.0
16,10.05.2021,49604004.0,5044936,43311.0,2983.0,4743871.0,13604.0,1734.0,213863.0,282.0,26953.0
17,9.05.2021,49390141.0,5031332,43029.0,3081.0,4716918.0,15191.0,2102.0,197468.0,283.0,25694.0
18,8.05.2021,49162673.0,5016141,42746.0,3175.0,4691224.0,18052.0,2178.0,228873.0,281.0,28896.0
19,7.05.2021,48963800.0,4998089,42465.0,3260.0,4662328.0,20107.0,2210.0,251194.0,278.0,35529.0
20,6.05.2021,48712606.0,4977982,42187.0,3378.0,4626799.0,22388.0,2401.0,253382.0,304.0,37298.0
21,5.05.2021,48459224.0,4955594,41883.0,3418.0,4589501.0,26476.0,2414.0,229491.0,356.0,35464.0
22,4.05.2021,48229733.0,4929118,41527.0,3452.0,4554037.0,28997.0,2483.0,241747.0,336.0,38218.0
23,3.05.2021,47987986.0,4900121,41191.0,3438.0,4515819.0,24733.0,2501.0,243648.0,347.0,35438.0
24,2.05.2021,47744338.0,4875388,40844.0,3532.0,4480381.0,25980.0,2587.0,240145.0,340.0,75182.0
25,1.05.2021,47504193.0,4849408,40504.0,3525.0,4405199.0,28817.0,2615.0,242194.0,373.0,81302.0
26,30.04.2021,47261999.0,4820591,40131.0,3534.0,4323897.0,31891.0,2673.0,265287.0,394.0,68183.0
27,29.04.2021,46996712.0,4788700,39737.0,3581.0,4255714.0,37674.0,2715.0,278108.0,339.0,43253.0
28,28.04.2021,46718604.0,4751026,39398.0,3558.0,4212461.0,40444.0,2728.0,283261.0,341.0,45198.0
29,27.04.2021,46435343.0,4710582,39057.0,3549.0,4167263.0,43301.0,2703.0,282192.0,346.0,45592.0
30,26.04.2021,46153151.0,4667281,38711.0,3563.0,4121671.0,37312.0,2716.0,268893.0,353.0,48027.0
31,25.04.2021,45884258.0,4629969,38358.0,3590.0,4073644.0,38553.0,2801.0,260280.0,347.0,51236.0
32,24.04.2021,45623978.0,4591416,38011.0,3511.0,4022408.0,40596.0,2905.0,281183.0,339.0,52297.0
33,23.04.2021,45342795.0,4550820,37672.0,3475.0,3970111.0,49438.0,3089.0,302091.0,343.0,60176.0
34,22.04.2021,45040704.0,4501382,37329.0,3463.0,3909935.0,54791.0,3128.0,312109.0,354.0,65593.0
35,21.04.2021,44728595.0,4446591,36975.0,3398.0,3844342.0,61967.0,2932.0,318839.0,362.0,52213.0
36,20.04.2021,44409756.0,4384624,36613.0,3375.0,3792129.0,61028.0,2895.0,322128.0,346.0,55592.0
37,19.04.2021,44087628.0,4323596,36267.0,3319.0,3736537.0,55149.0,2862.0,318869.0,341.0,48947.0
38,18.04.2021,43768759.0,4268447,35926.0,3275.0,3687590.0,55802.0,3101.0,301243.0,318.0,43856.0
39,17.04.2021,43467516.0,4212645,35608.0,3240.0,3643734.0,62606.0,2973.0,319316.0,288.0,52184.0
40,16.04.2021,43148200.0,4150039,35320.0,3205.0,3591550.0,63082.0,2915.0,320078.0,289.0,56510.0
41,15.04.2021,42828122.0,4086957,35031.0,3080.0,3535040.0,61400.0,2845.0,318217.0,297.0,54894.0
42,14.04.2021,42509905.0,4025557,34734.0,3018.0,3480146.0,62797.0,2802.0,310420.0,279.0,55413.0
43,13.04.2021,42199485.0,3962760,34455.0,2951.0,3424733.0,59187.0,2723.0,306563.0,273.0,52104.0
44,12.04.2021,41892922.0,3903573,34182.0,2891.0,3372629.0,54562.0,2671.0,301068.0,243.0,41218.0
45,11.04.2021,41591854.0,3849011,33939.0,2824.0,3331411.0,50678.0,2548.0,294274.0,237.0,30194.0
46,10.04.2021,41297580.0,3798333,33702.0,2739.0,3301217.0,52676.0,2498.0,302732.0,248.0,32539.0
47,9.04.2021,40994845.0,3745657,33454.0,2658.0,3268678.0,55791.0,2408.0,305103.0,253.0,35786.0
48,8.04.2021,40689742.0,3689866,33201.0,3615.0,3232892.0,55941.0,2316.0,304492.0,258.0,37914.0
49,7.04.2021,40385250.0,3633925,32943.0,2604.0,3194978.0,54740.0,2203.0,302108.0,276.0,35503.0
50,6.04.2021,40083142.0,3579185,32667.0,2477.0,3159475.0,49584.0,2003.0,271547.0,211.0,28498.0
51,5.04.2021,39811595.0,3529601,32456.0,2407.0,3130977.0,42551.0,1706.0,245496.0,193.0,25627.0
52,4.04.2021,39566099.0,3487050,32263.0,2311.0,3105350.0,41998.0,1508.0,246210.0,185.0,22674.0
53,3.04.2021,39319889.0,3445052,32078.0,2231.0,3082676.0,44756.0,1483.0,249126.0,186.0,23214.0
54,2.04.2021,39070763.0,3400296,31892.0,2182.0,3059462.0,42308.0,1471.0,248968.0,179.0,24419.0
55,1.04.2021,38821795.0,3357988,31713.0,2135.0,3035043.0,40806.0,1424.0,243738.0,176.0,20817.0
56,31.03.2021,38578057.0,3317182,31537.0,2082.0,3014223.0,39302.0,1401.0,240012.0,152.0,19193.0
57,30.03.2021,38338045.0,3277880,31385.0,2054.0,2995033.0,37303.0,1376.0,235298.0,155.0,19925.0
58,29.03.2021,38102747.0,3240577,31230.0,1998.0,2975108.0,32404.0,1325.0,225511.0,154.0,18015.0
59,28.03.2021,37877236.0,3208173,31076.0,1968.0,2957093.0,29058.0,1305.0,220109.0,153.0,17164.0
60,27.03.2021,37657127.0,3179115,30923.0,1886.0,2939929.0,30021.0,1281.0,223214.0,151.0,18892.0
61,26.03.2021,37433913.0,3149094,30772.0,1810.0,2921037.0,29081.0,1253.0,220985.0,153.0,20208.0
62,25.03.2021,37212928.0,3120013,30619.0,1790.0,2900829.0,28731.0,1210.0,222753.0,157.0,19186.0
63,24.03.2021,36990175.0,3091282,30462.0,1720.0,2881643.0,29762.0,1142.0,221738.0,146.0,17761.0
64,23.03.2021,36768437.0,3061520,30316.0,1710.0,2863882.0,26182.0,1006.0,211848.0,138.0,19201.0
65,22.03.2021,36556589.0,3035338,30178.0,1644.0,2844681.0,22216.0,981.0,201215.0,117.0,19494.0
66,21.03.2021,36355374.0,3013122,30061.0,1568.0,2825187.0,20428.0,965.0,189906.0,102.0,17615.0
67,20.03.2021,36165468.0,2992694,29959.0,1538.0,2807572.0,21061.0,958.0,190129.0,95.0,18815.0
68,19.03.2021,35975339.0,2971633,29864.0,1547.0,2788757.0,21030.0,934.0,187859.0,87.0,18119.0
69,18.03.2021,35787480.0,2950603,29777.0,1503.0,2770638.0,20049.0,902.0,184452.0,81.0,18615.0
70,17.03.2021,35603028.0,2930554,29696.0,1484.0,2752023.0,18912.0,869.0,167526.0,73.0,17161.0
71,16.03.2021,35435502.0,2911642,29623.0,1474.0,2734862.0,16749.0,874.0,158386.0,71.0,17893.0
72,15.03.2021,35277116.0,2894893,29552.0,1425.0,2716969.0,15503.0,858.0,151113.0,63.0,15893.0
73,14.03.2021,35126003.0,2879390,29489.0,1392.0,2701076.0,13378.0,852.0,132425.0,68.0,15516.0
74,13.03.2021,34993578.0,2866012,29421.0,1350.0,2685560.0,15082.0,841.0,150098.0,65.0,15287.0
75,12.03.2021,34843480.0,2850930,29356.0,1349.0,2670273.0,14941.0,834.0,148856.0,66.0,11180.0
76,11.03.2021,34694624.0,2835989,29290.0,1310.0,2659093.0,14046.0,821.0,146386.0,63.0,9231.0
77,10.03.2021,34548238.0,2821943,29227.0,1309.0,2649862.0,14556.0,814.0,145130.0,67.0,9193.0
78,9.03.2021,34403108.0,2807387,29160.0,1289.0,2640669.0,13755.0,801.0,140828.0,66.0,8639.0
79,8.03.2021,34262280.0,2793632,29094.0,1239.0,2632030.0,13215.0,767.0,139429.0,64.0,8106.0
80,7.03.2021,34122851.0,2780417,29030.0,1261.0,2623924.0,11187.0,735.0,129299.0,65.0,7785.0
81,6.03.2021,33993552.0,2769230,28965.0,1230.0,2616139.0,11770.0,702.0,138592.0,64.0,7291.0
82,5.03.2021,33854960.0,2757460,28901.0,1232.0,2608848.0,11302.0,698.0,138214.0,62.0,7711.0
83,4.03.2021,33716746.0,2746158,28839.0,1220.0,2601137.0,11322.0,685.0,137885.0,68.0,7873.0
84,3.03.2021,33578861.0,2734836,28771.0,1224.0,2593264.0,11520.0,689.0,138018.0,65.0,7191.0
85,2.03.2021,33440843.0,2723316,28706.0,1227.0,2586073.0,11837.0,668.0,135291.0,68.0,7892.0
86,1.03.2021,33305552.0,2711479,28638.0,1215.0,2578181.0,9891.0,645.0,130536.0,69.0,5947.0
87,28.02.2021,33175016.0,2701588,28569.0,1191.0,2572234.0,8424.0,610.0,109639.0,66.0,6511.0
88,27.02.2021,33065377.0,2693164,28503.0,1187.0,2565723.0,9193.0,621.0,125716.0,71.0,8938.0
89,26.02.2021,32939661.0,2683971,28432.0,1195.0,2556785.0,9205.0,649.0,128387.0,74.0,10282.0
90,25.02.2021,32811274.0,2674766,28358.0,1192.0,2546503.0,9572.0,658.0,126527.0,73.0,6210.0
91,24.02.2021,32684747.0,2665194,28285.0,1200.0,2540293.0,9561.0,660.0,124015.0,72.0,5297.0
92,23.02.2021,32560732.0,2655633,28213.0,1185.0,2534996.0,9107.0,633.0,123734.0,75.0,5546.0
93,22.02.2021,32436998.0,2646526,28138.0,1189.0,2529450.0,8104.0,623.0,118816.0,78.0,5690.0
94,21.02.2021,32318182.0,2638422,28060.0,1185.0,2523760.0,6546.0,601.0,101105.0,77.0,5002.0
95,20.02.2021,32217077.0,2631876,27983.0,1180.0,2518758.0,7857.0,635.0,118911.0,80.0,7210.0
96,19.02.2021,32098166.0,2624019,27903.0,1185.0,2511548.0,7419.0,638.0,116674.0,82.0,7498.0
97,18.02.2021,31981492.0,2616600,27821.0,1187.0,2504050.0,7241.0,640.0,115406.0,83.0,7217.0
98,17.02.2021,31866086.0,2609359,27738.0,1193.0,2496833.0,7325.0,649.0,117121.0,86.0,7209.0
99,16.02.2021,31748965.0,2602034,27652.0,1201.0,2489624.0,7906.0,658.0,115794.0,90.0,7189.0
100,15.02.2021,31633171.0,2594128,27562.0,1232.0,2482435.0,7945.0,660.0,116452.0,91.0,7106.0
101,14.02.2021,31516719.0,2586183,27471.0,1230.0,2475329.0,6287.0,666.0,104108.0,94.0,6910.0
102,13.02.2021,31412611.0,2579896,27377.0,1235.0,2468419.0,7706.0,671.0,123305.0,93.0,7215.0
103,12.02.2021,31289306.0,2572190,27284.0,1250.0,2461204.0,7763.0,667.0,129630.0,97.0,8108.0
104,11.02.2021,31159676.0,2564427,27187.0,1256.0,2453096.0,7590.0,660.0,130313.0,94.0,7811.0
105,10.02.2021,31029363.0,2556837,27093.0,1308.0,2445285.0,8642.0,664.0,135867.0,95.0,7903.0
106,9.02.2021,30893496.0,2548195,26998.0,1310.0,2437382.0,8636.0,659.0,137712.0,98.0,8109.0
107,8.02.2021,30755784.0,2539559,26900.0,1310.0,2429273.0,8103.0,632.0,139378.0,103.0,8567.0
108,7.02.2021,30616406.0,2531456,26797.0,1317.0,2420706.0,6670.0,623.0,129715.0,112.0,8201.0
109,6.02.2021,30486691.0,2524786,26685.0,1337.0,2412505.0,7897.0,618.0,137649.0,108.0,8089.0
110,5.02.2021,30349042.0,2516889,26577.0,1423.0,2404416.0,7901.0,620.0,142538.0,110.0,8217.0
111,4.02.2021,30206504.0,2508988,26467.0,1501.0,2396199.0,7909.0,627.0,145067.0,113.0,8815.0
112,3.02.2021,30061437.0,2501079,26354.0,1523.0,2387384.0,8102.0,632.0,148192.0,117.0,8314.0
113,2.02.2021,29913245.0,2492977,26237.0,1592.0,2379070.0,7795.0,630.0,140120.0,120.0,8639.0
114,1.02.2021,29773125.0,2485182,26117.0,1615.0,2370431.0,7719.0,636.0,141703.0,124.0,8016.0
115,31.01.2021,29631422.0,2477463,25993.0,1634.0,2362415.0,6562.0,641.0,136418.0,128.0,7006.0
116,30.01.2021,29495004.0,2470901,25865.0,1692.0,2355409.0,6871.0,658.0,148785.0,129.0,7100.0
117,29.01.2021,29346219.0,2464030,25736.0,1740.0,2348309.0,6912.0,664.0,165094.0,131.0,8093.0
118,28.01.2021,29181125.0,2457118,25605.0,1751.0,2340216.0,7279.0,670.0,173210.0,129.0,8902.0
119,27.01.2021,29007915.0,2449839,25476.0,1765.0,2331314.0,7489.0,675.0,179419.0,132.0,8803.0
120,26.01.2021,28828496.0,2442350,25344.0,1791.0,2322511.0,7103.0,681.0,180303.0,134.0,8108.0
121,25.01.2021,28648193.0,2435247,25210.0,1808.0,2314403.0,5642.0,671.0,151109.0,137.0,6682.0
122,24.01.2021,28497084.0,2429605,25073.0,1905.0,2307721.0,5277.0,684.0,148425.0,140.0,5860.0
123,23.01.2021,28348659.0,2424328,24933.0,1962.0,2301861.0,5856.0,723.0,152758.0,144.0,5811.0
124,22.01.2021,28195901.0,2418472,24789.0,2003.0,2296050.0,5967.0,734.0,163342.0,149.0,6018.0
125,21.01.2021,28032559.0,2412505,24640.0,2074.0,2290032.0,6289.0,743.0,165109.0,153.0,6113.0
126,20.01.2021,27867450.0,2406216,24487.0,2102.0,2283919.0,6435.0,752.0,168894.0,159.0,5932.0
127,19.01.2021,27698556.0,2399781,24328.0,2162.0,2277987.0,6818.0,761.0,175133.0,167.0,7218.0
128,18.01.2021,27523423.0,2392963,24161.0,2183.0,2270769.0,5862.0,749.0,151342.0,164.0,7905.0
129,17.01.2021,27372081.0,2387101,23997.0,2201.0,2262864.0,6436.0,803.0,148636.0,165.0,8812.0
130,16.01.2021,27223445.0,2380665,23832.0,2265.0,2254052.0,7550.0,902.0,156792.0,168.0,8005.0
131,15.01.2021,27066653.0,2373115,23664.0,2311.0,2246047.0,8314.0,921.0,167211.0,169.0,9109.0
132,14.01.2021,26899442.0,2364801,23495.0,2512.0,2236938.0,8962.0,958.0,169847.0,170.0,9011.0
133,13.01.2021,26729595.0,2355839,23325.0,2652.0,2227927.0,9554.0,971.0,173603.0,173.0,9463.0
134,12.01.2021,26555992.0,2346285,23152.0,2701.0,2218464.0,9809.0,983.0,179208.0,171.0,10013.0
135,11.01.2021,26376784.0,2336476,22981.0,2783.0,2208451.0,10220.0,1003.0,180303.0,174.0,10301.0
136,10.01.2021,26196481.0,2326256,22807.0,2811.0,2198150.0,9138.0,1017.0,162786.0,176.0,8103.0
137,9.01.2021,26033695.0,2317118,22631.0,2903.0,2190047.0,9537.0,1103.0,168289.0,181.0,7902.0
138,8.01.2021,25865406.0,2307581,22450.0,3094.0,2182145.0,11479.0,1291.0,184193.0,186.0,9894.0
139,7.01.2021,25681213.0,2296102,22264.0,3201.0,2172251.0,12171.0,1370.0,183003.0,194.0,8211.0
140,6.01.2021,25498210.0,2283931,22070.0,3303.0,2164040.0,13830.0,1458.0,182645.0,191.0,8702.0
141,5.01.2021,25315565.0,2270101,21879.0,3410.0,2155338.0,14494.0,1477.0,183413.0,194.0,8908.0
142,4.01.2021,25132152.0,2255607,21685.0,3522.0,2146430.0,13695.0,1508.0,181323.0,197.0,9896.0
143,3.01.2021,24950829.0,2241912,21488.0,3612.0,2136534.0,9877.0,1515.0,138941.0,193.0,10102.0
144,2.01.2021,24811888.0,2232035,21295.0,3764.0,2126432.0,11180.0,1713.0,149218.0,202.0,11672.0
145,1.01.2021,24662670.0,2220855,21093.0,3891.0,2114760.0,12203.0,1908.0,158103.0,212.0,14110.0
146,31.12.2020,24504567.0,2208652,20881.0,3918.0,2100650.0,14380.0,2219.0,178217.0,239.0,22021.0
147,30.12.2020,24326350.0,2194272,20642.0,4098.0,2078629.0,15692.0,2612.0,184415.0,254.0,20192.0
148,29.12.2020,24141935.0,2178580,20388.0,4191.0,2058437.0,15805.0,2783.0,183117.0,253.0,21004.0
149,28.12.2020,23958818.0,2162775,20135.0,4251.0,2037433.0,15197.0,2816.0,180892.0,257.0,22203.0
150,27.12.2020,23777926.0,2147578,19878.0,4309.0,2015230.0,14205.0,2806.0,172113.0,254.0,21196.0
151,26.12.2020,23605813.0,2133373,19624.0,4501.0,1994034.0,15118.0,3002.0,178872.0,253.0,23231.0
152,25.12.2020,23426941.0,2118255,19371.0,4702.0,1970803.0,17543.0,3199.0,201104.0,256.0,35511.0
153,24.12.2020,23225837.0,2100712,19115.0,4805.0,1935292.0,18102.0,3218.0,195675.0,254.0,33985.0
154,23.12.2020,23030162.0,2082610,18861.0,4901.0,1901307.0,19650.0,3192.0,202209.0,259.0,34492.0
155,22.12.2020,22827953.0,2062960,18602.0,5008.0,1866815.0,19256.0,3309.0,192316.0,251.0,32110.0
156,21.12.2020,22635637.0,2043704,18351.0,5192.0,1834705.0,19103.0,3412.0,196110.0,254.0,34419.0
157,20.12.2020,22439527.0,2024601,18097.0,5347.0,1800286.0,20316.0,3546.0,158892.0,246.0,21218.0
158,19.12.2020,22280635.0,2004285,17851.0,5501.0,1779068.0,22195.0,4002.0,173132.0,241.0,25516.0
159,18.12.2020,22107503.0,1982090,17610.0,5707.0,1753552.0,26410.0,4103.0,205809.0,246.0,31945.0
160,17.12.2020,21901694.0,1955680,17364.0,5803.0,1721607.0,27515.0,4209.0,206102.0,243.0,30494.0
161,16.12.2020,21695592.0,1928165,17121.0,5960.0,1691113.0,29718.0,4893.0,205397.0,240.0,29922.0
162,15.12.2020,21490195.0,1898447,16881.0,5988.0,1661191.0,32102.0,5105.0,206190.0,235.0,29247.0
163,14.12.2020,21284005.0,1866345,16646.0,5980.0,1631944.0,29617.0,5064.0,204289.0,229.0,28164.0
164,13.12.2020,21079716.0,1836728,16417.0,5973.0,1603780.0,26919.0,5103.0,181199.0,218.0,22215.0
165,12.12.2020,20898517.0,1809809,16199.0,5961.0,1581565.0,29136.0,5203.0,189065.0,222.0,20191.0
166,11.12.2020,20709452.0,1780673,15977.0,5952.0,458109.0,32106.0,5607.0,208873.0,226.0,5516.0
167,10.12.2020,20500579.0,1748567,15751.0,5943.0,452593.0,30424.0,5918.0,206202.0,220.0,5232.0
168,9.12.2020,20294377.0,558517,15531.0,5901.0,447361.0,31712.0,6213.0,204411.0,217.0,5846.0
169,8.12.2020,20089966.0,552304,15314.0,5882.0,441515.0,33198.0,6593.0,201219.0,211.0,5245.0
170,7.12.2020,19888747.0,545711,15103.0,5836.0,436270.0,32137.0,6420.0,196902.0,203.0,5017.0
171,6.12.2020,19691845.0,539291,14900.0,5805.0,431253.0,30402.0,6093.0,174761.0,195.0,4011.0
172,5.12.2020,19517084.0,533198,14705.0,5800.0,427242.0,31896.0,6128.0,178903.0,196.0,4100.0
173,4.12.2020,19338181.0,527070,14509.0,5703.0,423142.0,32736.0,6903.0,194435.0,193.0,4811.0
174,3.12.2020,19143746.0,520167,14316.0,5611.0,418331.0,32381.0,6511.0,187518.0,187.0,4190.0
175,2.12.2020,18956228.0,513656,14129.0,5502.0,414141.0,31923.0,6690.0,183624.0,193.0,4821.0
176,1.12.2020,18772604.0,506966,13936.0,5303.0,409320.0,30110.0,6101.0,180312.0,190.0,4593.0
177,30.11.2020,18592292.0,500865,13746.0,5190.0,404727.0,31219.0,6514.0,176656.0,188.0,4485.0
178,29.11.2020,18415636.0,494351,13558.0,5011.0,400242.0,29281.0,6439.0,168212.0,185.0,4015.0
179,28.11.2020,18247424.0,487912,13373.0,4903.0,396227.0,30103.0,6714.0,174443.0,182.0,3611.0
180,27.11.2020,18072981.0,481198,13191.0,4816.0,392616.0,29845.0,6592.0,171113.0,177.0,3845.0
181,26.11.2020,17901868.0,474606,13014.0,4711.0,388771.0,29132.0,6876.0,168348.0,174.0,3291.0
182,25.11.2020,17733520.0,467730,12840.0,4641.0,385480.0,28351.0,6814.0,164547.0,168.0,3911.0
183,24.11.2020,17568973.0,460916,12672.0,4543.0,381569.0,,7381.0,162231.0,161.0,3678.0
184,23.11.2020,17406742.0,453535,12511.0,4409.0,377891.0,,6713.0,161125.0,153.0,3254.0
185,22.11.2020,17245617.0,446822,12358.0,4217.0,374637.0,,6017.0,155516.0,139.0,3812.0
186,21.11.2020,17090101.0,440805,12219.0,4121.0,370825.0,,5532.0,152214.0,135.0,3233.0
187,20.11.2020,16937887.0,435273,12084.0,3990.0,367592.0,,5103.0,156642.0,141.0,3019.0
188,19.11.2020,16781245.0,430170,11943.0,3850.0,364573.0,,4542.0,157756.0,123.0,2918.0
189,18.11.2020,16623489.0,425628,11820.0,3742.0,361655.0,,4215.0,158811.0,116.0,2592.0
190,17.11.2020,16464678.0,421413,11704.0,3657.0,359063.0,,3819.0,156692.0,103.0,2688.0
191,16.11.2020,16307986.0,417594,11601.0,3610.0,356375.0,,3316.0,151516.0,94.0,2712.0
192,15.11.2020,16156470.0,414278,11507.0,3439.0,353663.0,,3223.0,142496.0,89.0,2561.0
193,14.11.2020,16013974.0,411055,11418.0,3423.0,351102.0,,3116.0,150141.0,92.0,2298.0
194,13.11.2020,15863833.0,407939,11326.0,3356.0,348804.0,,3045.0,149942.0,93.0,2010.0
195,12.11.2020,15713891.0,404894,11233.0,3230.0,346794.0,,2841.0,148482.0,88.0,2181.0
196,11.11.2020,15565409.0,402053,11145.0,3095.0,344613.0,,2693.0,145989.0,86.0,2112.0
197,10.11.2020,15419420.0,399360,11059.0,3001.0,342501.0,,2529.0,146198.0,87.0,2215.0
198,9.11.2020,15273222.0,396831,10972.0,2867.0,340286.0,,2576.0,145411.0,85.0,2047.0
199,8.11.2020,15127811.0,394255,10887.0,2740.0,338239.0,,2516.0,141944.0,84.0,2018.0
200,7.11.2020,14985867.0,391739,10803.0,2730.0,336221.0,,2483.0,139675.0,81.0,1928.0
201,6.11.2020,14846192.0,389256,10722.0,2654.0,334293.0,,2436.0,145241.0,83.0,1914.0
202,5.11.2020,14700951.0,386820,10639.0,2564.0,332379.0,,2311.0,146028.0,81.0,1714.0
203,4.11.2020,14554923.0,384509,10558.0,2464.0,330665.0,,2391.0,144416.0,77.0,1841.0
204,3.11.2020,14410507.0,382118,10481.0,2386.0,328824.0,,2343.0,146247.0,79.0,1817.0
205,2.11.2020,14264260.0,379775,10402.0,2341.0,327007.0,,2302.0,139103.0,76.0,1521.0
206,1.11.2020,14125157.0,377473,10326.0,2177.0,325486.0,,2106.0,123343.0,74.0,1515.0
207,31.10.2020,14001814.0,375367,10252.0,2075.0,323971.0,,2213.0,124109.0,75.0,1506.0
208,30.10.2020,13877705.0,373154,10177.0,1966.0,322465.0,,2322.0,136525.0,78.0,1703.0
209,29.10.2020,13741180.0,370832,10099.0,1916.0,320762.0,,2319.0,134416.0,72.0,1581.0
210,28.10.2020,13606764.0,368513,10027.0,1836.0,319181.0,,2305.0,128312.0,77.0,1662.0
211,27.10.2020,13478452.0,366208,9950.0,1827.0,317519.0,,2209.0,127651.0,76.0,1511.0
212,26.10.2020,13350801.0,363999,9874.0,1780.0,316008.0,,2198.0,132913.0,75.0,1618.0
213,25.10.2020,13217888.0,361801,9799.0,1744.0,314390.0,,2017.0,112215.0,72.0,1297.0
214,24.10.2020,13105673.0,359784,9727.0,1699.0,313093.0,,2091.0,113427.0,69.0,1573.0
215,23.10.2020,12992246.0,357693,9658.0,1648.0,311520.0,,2165.0,115979.0,74.0,1493.0
216,22.10.2020,12876267.0,355528,9584.0,1599.0,310027.0,,2102.0,117198.0,71.0,1581.0
217,21.10.2020,12759069.0,353426,9513.0,1504.0,308446.0,,2013.0,117943.0,68.0,1507.0
218,20.10.2020,12641126.0,351413,9445.0,1545.0,306939.0,,1894.0,116565.0,74.0,1512.0
219,19.10.2020,12524561.0,349519,9371.0,1447.0,305427.0,,2026.0,116249.0,75.0,1424.0
220,18.10.2020,12408312.0,347493,9296.0,1427.0,304003.0,,1815.0,101403.0,72.0,1504.0
221,17.10.2020,12306909.0,345678,9224.0,1428.0,302499.0,,1723.0,112131.0,71.0,1401.0
222,16.10.2020,12194778.0,343955,9153.0,1445.0,301098.0,,1812.0,117005.0,73.0,1419.0
223,15.10.2020,12077773.0,342143,9080.0,1408.0,299679.0,,1693.0,116103.0,66.0,1311.0
224,14.10.2020,11961670.0,340450,9014.0,1418.0,298368.0,,1671.0,115328.0,57.0,1396.0
225,13.10.2020,11846342.0,338779,8957.0,1416.0,296972.0,,1632.0,114992.0,62.0,1314.0
226,12.10.2020,11731350.0,337147,8895.0,1417.0,295658.0,,1614.0,115605.0,58.0,1301.0
227,11.10.2020,11615745.0,335533,8837.0,1411.0,294357.0,,1502.0,109301.0,59.0,1212.0
228,10.10.2020,11506444.0,334031,8778.0,1414.0,293145.0,,1649.0,113102.0,56.0,1391.0
229,9.10.2020,11393342.0,332382,8722.0,1398.0,291754.0,,1629.0,115295.0,55.0,1402.0
230,8.10.2020,11278047.0,330753,8667.0,1403.0,290352.0,,1615.0,117101.0,58.0,1398.0
231,7.10.2020,11160946.0,329138,8609.0,1411.0,288954.0,,1581.0,116608.0,56.0,1355.0
232,6.10.2020,11044338.0,327557,8553.0,1414.0,287599.0,,1511.0,112421.0,55.0,1229.0
233,5.10.2020,10931917.0,326046,8498.0,1412.0,286370.0,,1603.0,115632.0,57.0,1320.0
234,4.10.2020,10816285.0,324443,8441.0,1475.0,285050.0,,1429.0,104402.0,57.0,1182.0
235,3.10.2020,10711883.0,323014,8384.0,1470.0,283868.0,,1502.0,103219.0,59.0,1211.0
236,2.10.2020,10608664.0,321512,8325.0,1455.0,282657.0,,1442.0,114857.0,63.0,1506.0
237,1.10.2020,10493807.0,320070,8262.0,1507.0,281151.0,,1407.0,113546.0,67.0,1402.0
238,30.09.2020,10380261.0,318663,8195.0,1516.0,279749.0,,1391.0,112098.0,65.0,1245.0
239,29.09.2020,10268163.0,317272,8130.0,1583.0,278504.0,,1427.0,114940.0,68.0,1452.0
240,28.09.2020,10153223.0,315845,8062.0,1596.0,277052.0,,1412.0,115523.0,65.0,1422.0
241,27.09.2020,10037700.0,314433,7997.0,1583.0,275630.0,,1467.0,101119.0,68.0,1116.0
242,26.09.2020,9936581.0,312966,7929.0,1615.0,274514.0,,1511.0,102009.0,71.0,1232.0
243,25.09.2020,9834572.0,311455,7858.0,1601.0,273282.0,,1665.0,112885.0,73.0,1318.0
244,24.09.2020,9721687.0,309790,7785.0,1573.0,271964.0,,1721.0,113317.0,74.0,1241.0
245,23.09.2020,9608370.0,308069,7711.0,1561.0,270723.0,,1767.0,112102.0,72.0,1027.0
246,22.09.2020,9496268.0,306302,7639.0,1522.0,269696.0,,1692.0,114311.0,65.0,1261.0
247,21.09.2020,9381957.0,304610,7574.0,1491.0,268435.0,,1743.0,112942.0,68.0,1202.0
248,20.09.2020,9269015.0,302867,7506.0,1456.0,267233.0,,1519.0,95321.0,61.0,1116.0
249,19.09.2020,9173694.0,301348,7445.0,1432.0,266117.0,,1538.0,97416.0,68.0,1312.0
250,18.09.2020,9076278.0,299810,7377.0,1402.0,264805.0,,1771.0,111113.0,62.0,1060.0
251,17.09.2020,8965165.0,298039,7315.0,1372.0,263745.0,,1648.0,109985.0,66.0,1143.0
252,16.09.2020,8855180.0,296391,7249.0,1351.0,262602.0,,1771.0,112645.0,63.0,1342.0
253,15.09.2020,8742535.0,294620,7186.0,1327.0,261260.0,,1742.0,110412.0,67.0,1202.0
254,14.09.2020,8632123.0,292878,7119.0,1301.0,260058.0,,1716.0,112563.0,63.0,1225.0
255,13.09.2020,8519560.0,291162,7056.0,1267.0,258833.0,,1527.0,96097.0,57.0,1102.0
256,12.09.2020,8423463.0,289635,6999.0,1241.0,257731.0,,1509.0,98326.0,48.0,1207.0
257,11.09.2020,8325137.0,288126,6951.0,1223.0,256524.0,,1671.0,112213.0,56.0,1117.0
258,10.09.2020,8212924.0,286455,6895.0,1209.0,255407.0,,1512.0,107702.0,58.0,1219.0
259,9.09.2020,8105222.0,284943,6837.0,1181.0,254188.0,,1673.0,111193.0,55.0,943.0
260,8.09.2020,7994029.0,283270,6782.0,1159.0,253245.0,,1761.0,110565.0,52.0,1093.0
261,7.09.2020,7883464.0,281509,6730.0,1118.0,252152.0,,1703.0,103925.0,57.0,1047.0
262,6.09.2020,7779539.0,279806,6673.0,1102.0,251105.0,,1578.0,96842.0,53.0,1013.0
263,5.09.2020,7682697.0,278228,6620.0,1091.0,250092.0,,1673.0,99497.0,56.0,984.0
264,4.09.2020,7583200.0,276555,6564.0,1076.0,249108.0,,1612.0,117113.0,53.0,1021.0
265,3.09.2020,7466087.0,274943,6511.0,1041.0,248087.0,,1642.0,110225.0,49.0,1211.0
266,2.09.2020,7355862.0,273301,6462.0,1017.0,246876.0,,1596.0,107927.0,45.0,947.0
267,1.09.2020,7247935.0,271705,6417.0,991.0,245929.0,,1572.0,109443.0,47.0,1003.0
268,31.08.2020,7138492.0,270133,6370.0,961.0,244926.0,,1587.0,110102.0,44.0,1087.0
269,30.08.2020,7028390.0,268546,6326.0,945.0,243839.0,,1482.0,91302.0,42.0,1027.0
270,29.08.2020,6937088.0,267064,6284.0,917.0,242812.0,,1549.0,101414.0,39.0,1003.0
271,28.08.2020,6835674.0,265515,6245.0,896.0,241809.0,,1517.0,107814.0,36.0,1017.0
272,27.08.2020,6727860.0,263998,6209.0,862.0,240792.0,,1491.0,106111.0,26.0,995.0
273,26.08.2020,6621749.0,262507,6183.0,841.0,239797.0,,1313.0,100109.0,20.0,1002.0
274,25.08.2020,6521640.0,261194,6163.0,811.0,238795.0,,1502.0,98231.0,24.0,887.0
275,24.08.2020,6423409.0,259692,6139.0,796.0,237908.0,,1443.0,95943.0,18.0,743.0
276,23.08.2020,6327466.0,258249,6121.0,783.0,237165.0,,1217.0,80302.0,19.0,795.0
277,22.08.2020,6247164.0,257032,6102.0,762.0,236370.0,,1309.0,93007.0,22.0,801.0
278,21.08.2020,6154157.0,255723,6080.0,749.0,235569.0,,1203.0,92227.0,22.0,772.0
279,20.08.2020,6061930.0,254520,6058.0,735.0,234797.0,,1412.0,92301.0,19.0,882.0
280,19.08.2020,5969629.0,253108,6039.0,719.0,233915.0,,1303.0,87223.0,23.0,1002.0
281,18.08.2020,5882406.0,251805,6016.0,703.0,232913.0,,1263.0,82318.0,20.0,942.0
282,17.08.2020,5800088.0,250542,5996.0,686.0,231971.0,,1233.0,74846.0,22.0,1002.0
283,16.08.2020,5725242.0,249309,5974.0,679.0,230969.0,,1192.0,65956.0,19.0,997.0
284,15.08.2020,5659286.0,248117,5955.0,668.0,229972.0,,1256.0,67214.0,21.0,992.0
285,14.08.2020,5592072.0,246861,5934.0,656.0,228980.0,,1226.0,70192.0,22.0,923.0
286,13.08.2020,5521880.0,245635,5912.0,647.0,228057.0,,1243.0,66892.0,21.0,968.0
287,12.08.2020,5454988.0,244392,5891.0,632.0,227089.0,,1212.0,67237.0,18.0,934.0
288,11.08.2020,5387751.0,243180,5873.0,617.0,226155.0,,1183.0,61716.0,15.0,1185.0
289,10.08.2020,5326035.0,241997,5858.0,603.0,224970.0,,1193.0,62219.0,14.0,1211.0
290,9.08.2020,5263816.0,240804,5844.0,596.0,223759.0,,1182.0,61446.0,15.0,1103.0
291,8.08.2020,5202370.0,239622,5829.0,587.0,222656.0,,1172.0,63842.0,16.0,1082.0
292,7.08.2020,5138528.0,238450,5813.0,586.0,221574.0,,1185.0,56726.0,15.0,1028.0
293,6.08.2020,5081802.0,237265,5798.0,580.0,220546.0,,1153.0,54494.0,14.0,1040.0
294,5.08.2020,5027308.0,236112,5784.0,582.0,219506.0,,1178.0,53842.0,19.0,1015.0
295,4.08.2020,4973466.0,234934,5765.0,583.0,218491.0,,1083.0,46249.0,18.0,994.0
296,3.08.2020,4927217.0,233851,5747.0,580.0,217497.0,,995.0,41301.0,19.0,1003.0
297,2.08.2020,4885916.0,232856,5728.0,582.0,216494.0,,987.0,40247.0,18.0,978.0
298,1.08.2020,4845669.0,231869,5710.0,586.0,215516.0,,996.0,44846.0,19.0,981.0
299,31.07.2020,4800823.0,230873,5691.0,582.0,214535.0,,982.0,46492.0,17.0,996.0
300,30.07.2020,4754331.0,229891,5674.0,561.0,213539.0,,967.0,43236.0,15.0,982.0
301,29.07.2020,4711095.0,228924,5659.0,542.0,212557.0,,942.0,45712.0,14.0,996.0
302,28.07.2020,4665383.0,227982,5645.0,,211561.0,,963.0,47412.0,15.0,1092.0
303,27.07.2020,4617971.0,227019,5630.0,,210469.0,,919.0,45283.0,17.0,982.0
304,26.07.2020,4572688.0,226100,5613.0,,209487.0,,927.0,40016.0,17.0,1010.0
305,25.07.2020,4532672.0,225173,5596.0,,208477.0,,921.0,43312.0,16.0,1103.0
306,24.07.2020,4489360.0,224252,5580.0,,207374.0,,937.0,42986.0,17.0,1009.0
307,23.07.2020,4446374.0,223315,5563.0,,206365.0,,913.0,43343.0,18.0,1151.0
308,22.07.2020,4403031.0,222402,5545.0,,205214.0,,902.0,43404.0,19.0,1203.0
309,21.07.2020,4359627.0,221500,5526.0,,204011.0,,928.0,42846.0,18.0,1009.0
310,20.07.2020,4316781.0,220572,5508.0,,203002.0,,931.0,43404.0,17.0,992.0
311,19.07.2020,4273377.0,219641,5491.0,,202010.0,,924.0,41310.0,16.0,997.0
312,18.07.2020,4232067.0,218717,5475.0,,201013.0,,918.0,40943.0,17.0,1179.0
313,17.07.2020,4191124.0,217799,5458.0,,199834.0,,926.0,41215.0,18.0,1014.0
314,16.07.2020,4149909.0,216873,5440.0,,198820.0,,933.0,42411.0,21.0,1087.0
315,15.07.2020,4107498.0,215940,5419.0,,197733.0,,947.0,42320.0,17.0,1013.0
316,14.07.2020,4065178.0,214993,5402.0,,196720.0,,992.0,43231.0,20.0,1049.0
317,13.07.2020,4021947.0,214001,5382.0,,195671.0,,1008.0,46492.0,19.0,1156.0
318,12.07.2020,3975455.0,212993,5363.0,,194515.0,,1012.0,45232.0,19.0,1298.0
319,11.07.2020,3930223.0,211981,5344.0,,193217.0,,1016.0,48813.0,21.0,1334.0
320,10.07.2020,3881410.0,210965,5323.0,,191883.0,,1003.0,48787.0,23.0,1493.0
321,9.07.2020,3832623.0,209962,5300.0,,190390.0,,1024.0,50103.0,18.0,2879.0
322,8.07.2020,3782520.0,208938,5282.0,,187511.0,,1041.0,49302.0,22.0,2219.0
323,7.07.2020,3733218.0,207897,5260.0,,185292.0,,1053.0,50545.0,19.0,2297.0
324,6.07.2020,3682673.0,206844,5241.0,,182995.0,,1086.0,52193.0,16.0,2315.0
325,5.07.2020,3630480.0,205758,5225.0,,180680.0,,1148.0,46414.0,19.0,1188.0
326,4.07.2020,3584066.0,204610,5206.0,,179492.0,,1154.0,48248.0,20.0,1214.0
327,3.07.2020,3535818.0,203456,5186.0,,178278.0,,1172.0,52141.0,19.0,1313.0
328,2.07.2020,3483677.0,202284,5167.0,,176965.0,,1186.0,49714.0,17.0,1543.0
329,1.07.2020,3433963.0,201098,5150.0,,175422.0,,1192.0,52313.0,19.0,2311.0
330,30.06.2020,3381650.0,199906,5131.0,,173111.0,,1293.0,50492.0,16.0,1302.0
331,29.06.2020,3331158.0,198613,5115.0,,171809.0,,1374.0,51014.0,18.0,1214.0
332,28.06.2020,3280144.0,197239,5097.0,,170595.0,,1356.0,48309.0,15.0,1413.0
333,27.06.2020,3231835.0,195883,5082.0,,169182.0,,1372.0,45213.0,17.0,1984.0
334,26.06.2020,3186622.0,194511,5065.0,,167198.0,,1396.0,51198.0,19.0,1492.0
335,25.06.2020,3135424.0,193115,5046.0,,165706.0,,1458.0,52303.0,21.0,1472.0
336,24.06.2020,3083121.0,191657,5025.0,,164234.0,,1492.0,53486.0,24.0,1386.0
337,23.06.2020,3029635.0,190165,5001.0,,162848.0,,1268.0,42982.0,27.0,1315.0
338,22.06.2020,2986653.0,188897,4974.0,,161533.0,,1212.0,41413.0,24.0,1293.0
339,21.06.2020,2945240.0,187685,4950.0,,160240.0,,1192.0,40496.0,23.0,1412.0
340,20.06.2020,2904744.0,186493,4927.0,,158828.0,,1248.0,41112.0,22.0,1312.0
341,19.06.2020,2863632.0,185245,4905.0,,157516.0,,1214.0,41316.0,23.0,1494.0
342,18.06.2020,2822316.0,184031,4882.0,,156022.0,,1304.0,48412.0,21.0,1382.0
343,17.06.2020,2773904.0,182727,4861.0,,154640.0,,1429.0,52901.0,19.0,1261.0
344,16.06.2020,2721003.0,181298,4842.0,,153379.0,,1467.0,46800.0,17.0,1015.0
345,15.06.2020,2674203.0,179831,4825.0,,152364.0,,1592.0,42032.0,18.0,947.0
346,14.06.2020,2632171.0,178239,4807.0,,151417.0,,1562.0,45176.0,15.0,1330.0
347,13.06.2020,2586995.0,176677,4792.0,,150087.0,,1459.0,45092.0,14.0,985.0
348,12.06.2020,2541903.0,175218,4778.0,,149102.0,,1195.0,41013.0,15.0,1242.0
349,11.06.2020,2500890.0,174023,4763.0,,147860.0,,987.0,49190.0,17.0,1021.0
350,10.06.2020,2451700.0,173036,4746.0,,146839.0,,922.0,36521.0,17.0,2241.0
351,9.06.2020,2415179.0,172114,4729.0,,144598.0,,993.0,37225.0,18.0,3218.0
352,8.06.2020,2377954.0,171121,4711.0,,141380.0,,989.0,39361.0,19.0,3411.0
353,7.06.2020,2338593.0,170132,4692.0,,137969.0,,914.0,35335.0,23.0,2647.0
354,6.06.2020,2303258.0,169218,4669.0,,135322.0,,878.0,35846.0,21.0,1922.0
355,5.06.2020,2267412.0,168340,4648.0,,133400.0,,930.0,57829.0,18.0,1622.0
356,4.06.2020,2209583.0,167410,4630.0,,131778.0,,988.0,54234.0,21.0,926.0
357,3.06.2020,2155349.0,166422,4609.0,,130852.0,,867.0,52305.0,24.0,931.0
358,2.06.2020,2103044.0,165555,4585.0,,129921.0,,786.0,32325.0,22.0,974.0
359,1.06.2020,2070719.0,164769,4563.0,,128947.0,,827.0,31525.0,23.0,974.0
360,31.05.2020,2039194.0,163942,4540.0,,127973.0,,839.0,35600.0,25.0,989.0
361,30.05.2020,2003594.0,163103,4515.0,,126984.0,,983.0,39230.0,26.0,1021.0
362,29.05.2020,1964364.0,162120,4489.0,,125963.0,,1141.0,36155.0,28.0,1594.0
363,28.05.2020,1928209.0,160979,4461.0,,124369.0,,1182.0,33559.0,30.0,1576.0
364,27.05.2020,1894650.0,159797,4431.0,,122793.0,,1035.0,21043.0,34.0,1286.0
365,26.05.2020,1873607.0,158762,4397.0,,121507.0,,948.0,19853.0,28.0,1492.0
366,25.05.2020,1853754.0,157814,4369.0,,120015.0,,987.0,21492.0,29.0,1321.0
367,24.05.2020,1832262.0,156827,4340.0,,118694.0,,1141.0,24589.0,32.0,1092.0
368,23.05.2020,1807673.0,155686,4308.0,,117602.0,,1186.0,40178.0,32.0,1491.0
369,22.05.2020,1767495.0,154500,4276.0,,116111.0,,952.0,37507.0,27.0,1121.0
370,21.05.2020,1729988.0,153548,4249.0,,114990.0,,961.0,33633.0,27.0,1003.0
371,20.05.2020,1696355.0,152587,4222.0,,113987.0,,972.0,20838.0,23.0,1092.0
372,19.05.2020,1675517.0,151615,4199.0,,112895.0,,1022.0,25382.0,28.0,1318.0
373,18.05.2020,1650135.0,150593,4171.0,,111577.0,,1158.0,25141.0,31.0,1615.0
374,17.05.2020,1624994.0,149435,4140.0,,109962.0,,1368.0,35369.0,44.0,1825.0
375,16.05.2020,1589625.0,148067,4096.0,,108137.0,,1610.0,42236.0,41.0,2004.0
376,15.05.2020,1547389.0,146457,4055.0,,106133.0,,1708.0,38565.0,48.0,2103.0
377,14.05.2020,1508824.0,144749,4007.0,,104030.0,,1635.0,34821.0,55.0,2315.0
378,13.05.2020,1474003.0,143114,3952.0,,101715.0,,1639.0,33332.0,58.0,2826.0
379,12.05.2020,1440671.0,141475,3894.0,,98889.0,,1704.0,37351.0,53.0,3109.0
380,11.05.2020,1403320.0,139771,3841.0,,95780.0,,1114.0,32722.0,55.0,3089.0
381,10.05.2020,1370598.0,138657,3786.0,,92691.0,,1542.0,36187.0,47.0,3211.0
382,9.05.2020,1334411.0,137115,3739.0,,89480.0,,1546.0,35605.0,50.0,3084.0
383,8.05.2020,1298806.0,135569,3689.0,,86396.0,,1848.0,33687.0,48.0,3412.0
384,7.05.2020,1265119.0,133721,3641.0,,82984.0,,1977.0,30395.0,57.0,4782.0
385,6.05.2020,1234724.0,131744,3584.0,,78202.0,,2253.0,30303.0,64.0,4917.0
386,5.05.2020,1204421.0,129491,3520.0,,73285.0,,1832.0,33283.0,59.0,5119.0
387,4.05.2020,1171138.0,127659,3461.0,,68166.0,,1614.0,35771.0,64.0,5015.0
388,3.05.2020,1135367.0,126045,3397.0,,63151.0,,1670.0,24001.0,61.0,4892.0
389,2.05.2020,1111366.0,124375,3336.0,,58259.0,,1983.0,36318.0,78.0,4451.0
390,1.05.2020,1075048.0,122392,3258.0,,53808.0,,2188.0,41431.0,84.0,4922.0
391,30.04.2020,1033617.0,120204,3174.0,,48886.0,,2615.0,42004.0,93.0,4846.0
392,29.04.2020,991613.0,117589,3081.0,,44040.0,,2936.0,43498.0,89.0,5231.0
393,28.04.2020,948115.0,114653,2992.0,,38809.0,,2392.0,29230.0,92.0,5018.0
394,27.04.2020,918885.0,112261,2900.0,,33791.0,,2131.0,20143.0,95.0,4651.0
395,26.04.2020,898742.0,110130,2805.0,,29140.0,,2357.0,30177.0,99.0,3558.0
396,25.04.2020,868565.0,107773,2706.0,,25582.0,,2861.0,38308.0,106.0,3845.0
397,24.04.2020,830257.0,104912,2600.0,,21737.0,,3122.0,38351.0,109.0,3246.0
398,23.04.2020,791906.0,101790,2491.0,,18491.0,,3116.0,40962.0,115.0,2014.0
399,22.04.2020,750944.0,98674,2376.0,,16477.0,,3083.0,37535.0,117.0,1559.0
400,21.04.2020,713409.0,95591,2259.0,,14918.0,,4611.0,39429.0,119.0,1488.0
401,20.04.2020,673980.0,90980,2140.0,,13430.0,,4674.0,39703.0,123.0,1454.0
402,19.04.2020,634277.0,86306,2017.0,,11976.0,,3977.0,35344.0,127.0,1523.0
403,18.04.2020,598933.0,82329,1890.0,,10453.0,,3783.0,40520.0,121.0,1822.0
404,17.04.2020,558413.0,78546,1769.0,,8631.0,,4353.0,40270.0,126.0,1542.0
405,16.04.2020,518143.0,74193,1643.0,,7089.0,,4801.0,40427.0,125.0,1415.0
406,15.04.2020,477716.0,69392,1518.0,,5674.0,,4281.0,34090.0,115.0,875.0
407,14.04.2020,443626.0,65111,1403.0,,4799.0,,4062.0,33070.0,107.0,842.0
408,13.04.2020,410556.0,61049,1296.0,,3957.0,,4093.0,34456.0,98.0,511.0
409,12.04.2020,376100.0,56956,1198.0,,3446.0,,4789.0,35720.0,97.0,481.0
410,11.04.2020,340380.0,52167,1101.0,,2965.0,,5138.0,33170.0,95.0,542.0
411,10.04.2020,307210.0,47029,1006.0,,2423.0,,4747.0,30864.0,98.0,281.0
412,9.04.2020,276346.0,42282,908.0,,2142.0,,4056.0,28578.0,96.0,296.0
413,8.04.2020,247768.0,38226,812.0,,1846.0,,4117.0,24900.0,87.0,264.0
414,7.04.2020,222868.0,34109,725.0,,1582.0,,3892.0,20023.0,76.0,256.0
415,6.04.2020,202845.0,30217,649.0,,1326.0,,3148.0,21400.0,75.0,284.0
416,5.04.2020,181445.0,27069,574.0,,1042.0,,3135.0,20065.0,73.0,256.0
417,4.04.2020,161380.0,23934,501.0,,786.0,,3013.0,19664.0,76.0,302.0
418,3.04.2020,141716.0,20921,425.0,,484.0,,2786.0,16160.0,69.0,
419,2.04.2020,125556.0,18135,356.0,,415.0,,2456.0,18757.0,79.0,
420,1.04.2020,106799.0,15679,277.0,,333.0,,2148.0,14396.0,63.0,
421,31.03.2020,92403.0,13531,214.0,,243.0,,2704.0,15422.0,46.0,
422,30.03.2020,76981.0,10827,168.0,,162.0,,1610.0,11535.0,37.0,
423,29.03.2020,65446.0,9217,131.0,,105.0,,1815.0,9982.0,23.0,
424,28.03.2020,55464.0,7402,108.0,,70.0,,1704.0,7641.0,16.0,
425,27.03.2020,47823.0,5698,92.0,,42.0,,2069.0,7533.0,17.0,
426,26.03.2020,,3629,75.0,,,,,,,
427,25.03.2020,,2433,59.0,,,,,,,
428,24.03.2020,,1872,44.0,,,,,,,
429,23.03.2020,,1529,37.0,,,,,,,
430,22.03.2020,,1236,30.0,,,,,,,
431,21.03.2020,,947,21.0,,,,,,,
432,20.03.2020,,670,9.0,,,,,,,
433,19.03.2020,,359,4.0,,,,,,,
434,18.03.2020,,191,2.0,,,,,,,
435,17.03.2020,,98,1.0,,,,,,,
436,16.03.2020,,47,,,,,,,,
437,15.03.2020,,18,,,,,,,,
438,14.03.2020,,6,,,,,,,,
439,13.03.2020,,5,,,,,,,,
440,12.03.2020,,1,,,,,,,,
441,11.03.2020,,1,,,,,,,,
